2	                    	afauvin@sefitransmission.fr             	1092
0	                    	contact@onlygirls-auto.fr               	1036
1	                    	d.f.r@orange.fr                         	1062
0	                    	e-n-e-c@outlook.fr                      	1096
4	                    	euro-locks@euro-locks.fr                	910
0	                    	info@southco.com                        	345
0	                    	olympique-commercial@orange.fr          	268
0	                    	philippe.fort@alcan.com                 	382
0	                    	pieces.detachees@fr.trumpf.com          	755
0	                    	reber1@reber.fr                         	1076
0	                    	service.comptabilite@solfrance.com      	744
0	                    	universproductique@wanadoo.fr           	782
0	                    	vitalaque@gmail.com                     	372
0	Achat               	contact@polydis.fr                      	1082
0	Adresse commerciale 	sales@essentracomponents.fr             	988
0	AGENCE PARIS        	laroute93@laroute.fr                    	1085
0	Ahmed Medjahed      	medjahed.ahmed@orange.fr                	1067
1	Alain GERMOND       	laseris-centre@laseris.fr               	976
4	Alain LAURY         	alain.laury0933@orange.fr               	899
1	Alain MORIZE        	cisafer@orange.fr                       	881
0	Alain NARDELA       	market@bioblock.fr                      	392
1	Alain ROGER         	a.roger@mondial-express.fr              	928
0	Alexandre ATIENZA   	alexandre.atienza@randstad.fr           	550
0	Alexis POUBEAU      	a.poubeau@fiminox.fr                    	871
1	Ali FERRAT          	a.ferrat@sodimatel-fasteners.fr         	338
2	Aline BARRAS        	aline.barras@aeds-bd.com                	1020
1	ANCELIN  GAEL       	gancelin@otelo.fr                       	270
0	ANDRE               	manu.cn@wanadoo.fr                      	179
2	Angélique JUMERT    	angelique.jumert@dec-sa.fr              	177
2	Anna ZELIC          	anna.zelic@mauricedubois.fr             	938
2	Annabelle LEIBUNDGUT	aleibundguth@civ-service.com            	821
2	Anne GUYOTOT        	anne.guyotot@apxfr.com                  	1039
2	Anne-laure CORMIER  	anne-laure.cormier@dec-sa.fr            	177
2	Annie LAMBERTIN     	alambertin@kdi.fr                       	749
1	Antoine WALLERSTON  	antoine@simaf.com                       	743
1	ARBRUN Jean Christop	epe.idf78@gmail.com                     	594
2	ARISTIDE Martine    	martine.aristide@levrat.com             	428
1	Armand Abitbol      	armand.abitbol@eramet-adtaf.com         	1078
2	Arnaud Clémence     	clemence.arnaud@dec-sa.fr               	177
2	AUBERT              	patricia.aubert@wheelabratorgroup.fr    	822
0	AUDREY              	audrey.chareyre@geodis.com              	195
1	AUGUSTE PASCAL      	p.auguste@sog-larrue.fr                 	947
0	Aurélie PINHEIRO    	pinheiro@solidcam.fr                    	1108
0	Aurore Le Berre     	aurore.leberre@frankel.fr               	502
1	BE                  	soclam@wanadoo.fr                       	340
2	BEATRICE            	epe5sto@gmail.com                       	594
0	Béatrice            	polichrome.compta@orange.fr             	865
1	Berkan YAPICI       	byapici@sefitransmission.fr             	1092
2	BERNARDO            	yveline.bernardo@noricangroup.com       	822
2	Bernardo            	yveline.bernardo@surfacepreparation.fr  	374
1	BERTHELOT           	berthelot@ngkbf.com                     	813
1	Bertrand VIGUIER    	bertrand.viguier@chronopost.fr          	992
0	Billy FONTAINE      	b.fontaine@seem-semrac.com              	424
1	BOUETARD            	contact@rafhay.com                      	917
1	BOYER               	jean-michel.boyer@thyssen.fr            	361
1	BRACONNIER          	francois.braconnier@hsbc.fr             	633
2	BRIGITTE            	cisafer@orange.fr                       	881
2	Brigitte BARDIER    	bbarbier@pinet.eu                       	280
2	Brigitte VINCENT    	brigitte.vincent@aeds-bd.com            	882
2	Brigitte VINCENT    	brigitte.vincent@aeds-bd.com            	1020
1	BRUNEL Maxence      	maxence.brunel@romus.fr                 	1107
4	Bruno BOURGEOIS     	bruno.bourgois@geodis.com               	195
0	Bruno GOFFINON      	bruno.goffinon@arcelormittal.com        	291
2	C. LARRIEU          	clarrieu@arelec.com                     	126
1	CAEKEBEKE           	cuinick@orange.fr                       	824
1	CAMP                	jg.camp@surf-eng.com                    	234
4	Candido LIMA        	 candido.lima@bonnetsas.fr              	146
4	CAROLE              	carole.marignan@gantois.com             	207
0	Caroline ANNYCKE    	caroline@watco.fr                       	1074
2	Caroline DUMOUSSEAU 	carolinedumousseau@icmindustrie.com     	1055
2	Caroline GIRARD     	fbcg@wanadoo.fr                         	1088
2	Caroline Moussu     	caroline.moussu@eramet-adtaf.com        	1078
4	Caroline PERARO     	gsaciers@gsacier.com                    	1014
2	CARVALHO Carla      	ccarvalho@tente.fr                      	989
0	Catherine           	catherine.baracco@geodis.com            	574
4	Catherine Benitah   	catherine.benitah@gls-france.com        	1065
2	Catherine COQUET    	c.coquet@civ-france.com                 	688
2	Catherine FREYRE    	catherine.freyre@clufix.com             	1042
2	Catherine TONNELIER 	catherine@vsmimpavide.fr                	972
2	Cathy Dekeirel      	cathy.dekeirel@couleurs-systemes.net    	959
2	Cecile              	cecile.lherbette@abcaoutchouc.com       	925
2	Cécile BLOT         	cecile.blot@thyssen.fr                  	361
0	Cécile COUTURIER    	cecile.couturier@kloeckner.com          	749
2	Cécile FABI         	cecile.fabi@cgmetaux.com                	484
2	Cécile VERMANDE     	accueil.aazlaser@orange.fr              	507
2	Céline PEYRE        	bd-serigraphie@orange.fr                	1058
2	Céline-maya CAMARA  	Celine-Maya.Camara@bodycote.com         	267
2	CHAGMA Amele        	a.chagma@rbma.fr                        	268
0	Chantal Labonde     	chantal.labonde@fournot.fr              	202
1	CHAPEL OU HOMMES    	sav@fr.trumpf.com                       	755
2	Charlène MENEGALE   	charlene.menegale@fmpaciers.fr          	1013
1	Charles GERBOUT     	dircom@groupe-gerbout.com               	1024
0	Charles JEANNEL     	charles.jeannel@gantois.com             	207
0	Chloé               	chloe@cergy-vis.fr                      	158
0	Christelle Commarieu	c.commarieu@robardey.fr                 	854
0	Christelle Commarieu	ccommarieu@bluewin.ch                   	854
0	Christelle GOUBLAIRE	c.goublaire@thysen-service-acier.fr     	410
1	Christian ROSEL     	christianrosel@isolantsdeparis.com      	1023
0	Christine BESSON    	christine.besson@sapelem.fr             	966
2	Christine BOISSEAU  	christine.boisseau@aperam.com           	1027
2	Christine BRIAND    	c.briand@titanox.fr                     	1037
4	CHRISTINE HANQUEZ   	chanquez@pinet.tm.fr                    	280
2	Christine MONTECOT  	christine.montecot@flashtransports.fr   	1104
0	Christophe DUCLOS   	christophe.duclos@solfrance.com         	744
0	Christophe GILBRICH 	cguilbrich@emka-france.com              	189
1	Christophe GRUSZKA  	cgruszka@aquaprism.com                  	979
2	Cindy FOURNIER      	cindy.echard-partner@arcelormittal.com  	291
4	Claude ANTHONY      	claude_anthony@schroff.fr               	316
0	Claude saligault    	csaligault@emka-france.com              	189
0	Claude WEISS        	cweiss@recos.fr                         	857
0	CLAUDEL SYLVAIN     	s.claudel@cintromeca.com                	858
2	CLEMENT Eglantine   	eclement@lmc-group.com                  	866
2	COKELAER Manon      	cokelaer@micel.fr                       	812
0	COM                 	ACIERS-DURAND@ACIERS-DURAND.NET         	453
0	Commande            	adv@bioblock.fr                         	392
4	COMMANDES PAR MAIL  	GR4.MAUREPAS@THYSSEN.FR                 	361
0	CONACT              	contact@atoutinox.xom                   	841
0	Conseil             	vente@bioblock.fr                       	392
0	CONTACT             	SODIMATEL-FASTENERS@wanadoo.fr          	338
1	Corinne Carriou     	www.tmn-industries.fr                   	426
0	Corinne RAFFARD     	craffard@pinet.eu                       	280
0	Courtney Rush       	crush@gotoimi.com                       	877
2	Couturier           	Muriel.Couturier@dec-sa.fr              	177
1	Cyril BEGHIN        	beghinc@emile-maurin.fr                 	809
1	DA SILVA            	a.dasilva@adsproto.fr                   	1028
2	DA SILVA Julie      	j.dasilva@sofoc.com                     	1094
2	Daly Aline          	production@sdpm-electrolyse.fr          	317
1	Damien SONRIER      	DamienSonrier@essentra.com              	988
0	Danel christophe    	christophe.danel@fr.trumpf.com          	755
1	Daniel BRUN         	daniel.brun@alcan.com                   	825
4	Daniel POULET       	dpoulet@prolians.eu                     	912
0	Daniel Taupin       	lumi.meliz@courusgroup.com              	368
0	Daniela Lemmel      	daniela.lemmel@alucmic.com              	825
4	Danielle LECLET     	leclet@testas.fr                        	749
4	Danielle MAQUELLE   	commercial@rm-palettes.fr               	885
1	David DEMAY         	d.demay@sodimatel-fasteners.fr <d.demay@	338
0	David ONYSZKO       	donyszko@amada.fr                       	120
1	DEDIER              	bardel.decolletage@wanadoo.fr           	864
1	DELATOUCHE Didier   	dessin@wipelec.fr                       	973
0	Delphine Gomes      	delphine.gomes@geodis.com               	195
0	Demande de prix     	galvachaud77@gmail.com                  	715
0	DEMANDE DE PRIX     	info@bretagne-laser.com                 	975
0	Demande de prix Ivry	info@weber-metaux.com                   	377
0	Denis Buquet        	contact@alphacoatings.fr                	903
0	DENIS CHOLLET       	dchollet@motul.fr                       	769
1	Denis MILANDRE      	milandre@proteaux.fr                    	859
0	Didier Poiret       	didier.poiret@alucmic.com               	825
1	DIOT Marc           	mdiot@bossard.com                       	582
0	Domingos Da Silva   	dasilva.g@club-internet.fr              	996
2	Dominique NAESSENS  	dominique.naessens@aeds-bd.com          	1020
1	Dominique PIOU      	dominique.piou@dba-meca.com             	414
2	Dominque Louchart   	dlouchart@ims-group.com                 	968
1	Dubost              	valinco.dubost@wanadoo.fr               	805
2	DUVAL               	dec@dec-sa.fr                           	177
0	E Devillechaiche    	devillechaise@sematec-metrologie.com    	1103
0	E TROUILLET         	etrouillet@civ-service.com              	821
0	Edwige Haincourt    	edwige.haincourt@franz-holz.de          	982
0	ELISABETH LE MOIGNE 	ADV@GUITEL-POINTM.COM                   	889
2	Elisabeth MOTYL     	metal-finitions@orange.fr               	1075
0	Elise ROBICHON      	elise_robichon@mmaero.com               	856
2	Emilie CHASSEREZ    	emilie.chasserez@aeds-bd.com            	1020
0	Emmanuelle Choyer   	emmanuelle.choyer@kipp.fr               	1089
0	Eric                	contact@couleurssystemes.fr             	959
1	Eric GUENARD        	e.guenard@civ-france.com                	688
1	Eric Laure          	a.erocam@club-internet.fr               	1095
1	Eric WEBER          	eweber@recos.fr                         	857
1	Erick PELAMOURGUES  	erick.p@la-cornue.com                   	1046
1	Fabrice BONNET      	fabrice.bonnet@bonnetsas.fr             	146
4	Faïza YARD          	faiza.yard@reseau-prolians.net          	807
2	Fanny DOUCHEMENT    	contact@orleans-laser.com               	686
0	Florence Gautier    	florence.gautier@sorelec.com            	930
1	FlorenceVanderbrugge	florence.vanderbrugge@fr.trumpf.com     	755
1	Florent DEROUET     	fderouet@aquaprism.com                  	979
1	Francis MERCIER     	mercier@simaf.com                       	743
1	Franck BEAUJON      	franck.beaujon@dachser.com              	958
1	Franck BOUJU        	franckbouju@icmindustrie.com            	1055
4	Franck BOURGEOIS    	f.bourgeois@sog-larrue.fr               	947
1	Franck HARDUIN      	fharduin@cdem.fr                        	1051
0	Franck HERVE        	mks92@free.fr                           	806
1	Franck JOLLY        	franck.jolly@flashtransports.fr         	1104
1	FRANCK MORELLEC     	morellec.sas@gmail.com                  	258
0	Franck SINET        	bfl.usinage-metrologie@reseau-dexis.net 	231
0	François GUERET     	courrier@sapi78.net                     	311
4	François JEROME     	info@suf.fr                             	945
0	Frankie BOUSSET     	fbousset@ses-sterling.com               	329
1	Frédéric LOPEZ      	frederic.lopez@arotechnologie.com       	1030
0	Frederic Sébastien  	contact@peinture-sablage-pmsi.com       	286
4	Frédérique GAHUZES  	frederique.gahuzes@noricangroup.com     	822
2	Frédérique SHAFFER  	Frederique.Shaffer@klx.com              	1050
0	G. KAYAT            	gkayat@igus.net                         	1098
1	Gabriel AMAND       	compiegne44@michaud-chailly.fr          	895
1	GENDRY              	jj.gendry@vacour-plastique.com          	995
0	Geneviève PANTOBE   	esm.pantobe@emile-maurin.fr             	809
2	GENOUVRIER          	c.genouvrier@robardey.fr                	854
4	Gérard Perez        	perez-g@wanadoo.fr                      	374
1	GHIRINGHELLI JPaul  	ghiringhelli@wipelec.fr                 	973
2	Ghislaine LEGAY     	commercial@jicey.com                    	853
2	Gicquel             	e.gicquel@surf-eng.com                  	234
1	GILDAS JOSSELIN     	metal-finitions@orange.fr               	1075
1	Gilles MARELLE      	constructions.antan@orange.fr           	1052
4	Gina                	gina.dasilva@reseau-prolians.net        	807
1	GLENISSON           	s.glenisson@robardey.fr                 	854
1	GRADZIK Bruno       	b.gradzik@sapim.fr                      	312
1	Grégory SCOTT       	gregory.scott@radiorelais.fr            	1105
0	Guillaume Fernandez 	guillaume.fernandez@geodis.com          	195
1	Guy PELAMOURGUE     	pelamourgue@wipelec.fr                  	973
2	Gwenaelle MARCHAND  	gwenaelle.marchand@dec-sa.fr            	177
1	Hatem BOUHOUCHE     	commercialparis@icmindustrie.com        	1055
1	Hatem BOUHOUCHE     	commercialparis@icmindustrie.com        	1056
1	Herpin              	aurelien.herpin@bronzavia-industrie.com 	287
0	Hervé ABITBOL       	herve.abitbol@tecmatel.fr               	352
4	Hervé LEROUGE       	info@lrb-roulier.fr                     	774
0	Hervé Philibien     	philibien@solidcam.fr                   	1108
1	Hervé PONTHIEU      	hponthieu@salentey.fr                   	310
1	Hoel Christophe     	choel@tente.fr                          	989
2	Isabelle            	isabelle.aazlaser@orange.fr             	507
2	Isabelle LECERF     	lecerf@micel.fr                         	812
2	Isabelle MARCEL     	imarcel@hygieneconseils.fr              	1077
2	Isabelle RANGIER    	isabellerangier@icmindustrie.com        	1055
1	ISENBRANDT Pierre An	pierre-antoine.isenbrandt@bodycote.com  	267
1	Jacques LAZZERINI   	contact@mglb.net                        	985
0	Jacques Plouvier    	j.plouvier@bertholdmarx.com             	1048
0	Jean Aimé Doumenc   	sdi@sequanaise.fr                       	994
0	Jean Christ Lesien  	jclesien@ressorts-ari.com               	147
1	Jean Christ. LESIEN 	jclesien@ressorts-ari.com               	1024
0	Jean Claude RUIZ    	jc.ruiz@hexaprofils.com                 	892
1	Jean Claude VAUTIER 	jean-claude.vautiersarl@orange.fr       	1059
1	Jean DIOGENE        	jean.diogene@snt.tm.fr                  	1029
0	Jean Jacques        	epe5@wanadoo.fr                         	594
4	Jean Michel         	lumina.peinture@orange.fr               	246
1	Jean Michel IMBER   	j.m.imber@titanox.fr                    	1037
4	Jean Mondet         	jean.mondet@fr.trumpf.com               	755
4	Jean Paul BOUZEBBAL 	etablissement.ferrant@orange.fr         	931
1	Jean Pierre BOUTAL  	jpboutal@orange.fr                      	1044
1	Jean Pierre NEURET  	jp.neuret@robardey.fr                   	854
1	Jean Yves REGNAULT  	jean-yves.regnault@mdp.fr               	1093
0	Jean-Christian Rougé	j.c.rouge@titanox.fr                    	356
0	Jean-François Budin 	budin-jf@clal-france.com                	929
0	Jean-Loup REMOND    	jl.remond@mixconcept.fr                 	902
0	Jean-Marc Marchais  	jmmarcher@ims-group.com                 	968
0	Jean-Michel DRU     	sld4@wanadoo.fr                         	336
2	Jennifer PROTAIS    	antares@bbox.fr                         	594
2	Jennifer PROTAIS    	antares@bbox.fr                         	1060
1	Jérémy Olivier      	aazlasers@wanadoo.fr                    	507
1	Jérôme CARVALHO     	jerome.carvalho@galvaunion.com          	1117
1	Jerome Pecquet      	fenr56@orange.fr                        	814
1	Jérome Schweitzer   	jerome.schweitzer@eramet-adtaf.com      	1078
0	Jerôme TIGREAT      	gsu.gravure@gmail.com                   	414
2	Jessica RIZZUTO     	jessica.rizzuto@siremballage.fr         	103
2	JIMENEZ Paquita     	pjimenez@sertitec.com                   	356
0	JOAO Alcino         	alcino.joao@geodis.com                  	969
0	Jocelyne POUSSARD   	jocelyne.poussard@sorelec.com           	930
0	JOEL BOISTE         	joel.boiste@aurajob.com                 	906
2	Joëlle Duani        	joelle.duani@levrat.com                 	428
2	Joelle Teixeira     	j.teixeira@supratec.fr                  	820
0	Josette ALTHOFFER   	jalthoffer@motul.fr                     	769
2	Josiane LECOCQ      	josiane.lecocq@gmf.fr                   	1044
0	Julia Stanisiere    	julia.stanisiere@ham.france.fr          	1114
1	Julien DEKEIREL     	dekeirel.julien@gmail.com               	1049
1	Julien DUMONT       	judumont@dexis.eu                       	231
1	Julien EVERAERT     	ajr2e@orange.fr                         	1053
1	Julien Fighiera     	julien.fighiera@dec-sa.fr               	177
1	Julien LOIZEAU      	julien.loizeau@mecachimique.com         	639
2	Karine LEONARD      	k.leonard@titanox.fr                    	1037
2	Kathy MAGRON        	kathy.magron@gantois.com                	207
0	Katia Martinez      	kmartinez@bollhoff-otalu.fr             	272
2	Laëtitia CURCIC     	l.curcic@euro-locks.fr                  	910
2	Laetitia Lengagne   	laetitia.lengagne@eramet-adtaf.com      	1078
0	Lagarde             	commercial@procintre.com                	971
1	Lahbib Bouakka      	lahbib.bouakka@couleurs-systemes.net    	1049
2	LARDIER celine      	celine.lardier@protectiondesmetaux      	927
2	Laura PEREIRA       	laura.pereira@sematec-metrologie.com    	1103
0	Laure Guilbert      	lguilbert@emka-france.com               	189
2	Laurence            	laurence.desanti@couleurs-systemes.net  	959
2	Laurence DESPREZ    	laurence.desprez@siremballage.fr        	103
0	LAURENT COUSIN      	lcousin@messer.fr                       	251
0	Laurent Mallard     	laurent.mallard@cgmetaux.com            	484
1	Laurent MOISAN      	laurent.moisan@portesafir.com           	961
0	Laurent PERRARO     	lperaro@kdi.fr                          	218
0	LAURENT POTTIER     	lpottier@guitel-pointm.com              	889
1	LE FOLL Frédéric    	flefoll@otelo.fr                        	270
4	LECONTE Stéphane    	stéphane.leconte@kerbirio.fr            	986
1	Lefebvre            	jclefebvre@lpmachinesoutils.fr          	957
1	LEFEBVRE            	philippe.lefebvre@9business.fr          	646
1	Legrand             	legrandsgm.devis@gmail.com              	991
0	Lemeteil Sylvain    	sylvain@abaqueplast.fr                  	400
0	LENEUTRE GILLES     	societe.leneutre@orange.fr              	241
1	LEPERS Lucas        	llepers@lmc-group.com                   	866
1	LESCLINGAND Christia	lesclingand@wipelec.fr                  	973
3	Leslie DEGORGUE     	leslie.degorgue@champion-direct.com     	1097
1	LIESCH              	bliesch@tmn-industries.fr               	568
2	Linda RECOQUILLE    	linda.recoquille@sca-f.com              	913
1	Lionel BOURDON      	lionel.bourdon743@gmail.com             	594
1	Lionel COMPTE       	lionel.compte@almet-metal.com           	382
1	Lodes               	flodes@civ-service.com                  	821
1	Luc Godin           	luc.godin@fr.trumpf.com                 	755
2	Lucie COLLEU        	lucie.colleu@aeds-bd.com                	1020
2	Lucile ANSEL        	contact@metal-finitions.fr              	1075
1	Ludovic LEPAGE      	llepage@sefitransmission.fr             	1092
2	Luisa MONMIREL      	luisa.monmirel@cgmetaux.com             	484
1	M Joaquim DE FREITAS	tomcer@wanadoo.fr                       	980
4	M. C. BRUNETEAU     	reisch@wanadoo.fr                       	909
4	M. CARRARA          	carrara-a@clal-msx.com                  	929
4	M. Christophe VEREC 	christophe.verecque@alcoa.com           	907
4	M. Cyril DEROO      	deroo@da-solutions.fr                   	952
4	M. Eric VELEZ       	Eric.Velez@kone.com                     	949
4	M. Francois GREBOVAL	atfindustrie@orange.fr                  	939
4	M. Joël NICASTRO    	ltmnicastro@orange.fr                   	935
4	M. Loannic BEAUGER  	loannic.beauger@europ-meca.com          	941
4	M. WERTH            	pierre.werth@sagita.fr                  	888
2	M.Christine DUQUENOY	mariechristine.duquenoy@siremballage.fr 	103
1	MADELAINE           	d.madelaine@protec-industrie.com        	437
0	Magali Clément      	mc@aqi.fr                               	1038
2	MAJDA               	m.contu@ars-metal.com                   	861
2	Malika FAYEZ        	m.fayez@rhombus.fr                      	738
0	Manuela             	Manuela.Corceiro@kloeckner.com          	749
2	Manuela CORCEIRO    	manuela.corceiro@kloeckner.com          	218
0	Marc                	m.wagner@mi3s.fr                        	1068
1	Marc DIOT           	mdiot@bossard.com                       	356
0	Marc Wagner         	m.wagner@mi3s.fr                        	1079
2	Maria MARCOS        	maria.marcos@siremballage.fr            	103
2	Marianne Mansard    	marianne.mansard@tsipfrance.fr          	1071
4	Marie France        	sapifg@orange.fr                        	311
4	MARIE JO            	info@dvai.fr                            	1016
2	Marie LUCAS         	messages@sifi.fr                        	102
2	Marie NORMANDIN     	fbcg@wanadoo.fr                         	1088
2	Marie Paule         	mp.bafa@orange.fr                       	974
2	Marie TOUASSON      	mtouasson@igus.net                      	1098
1	MARIN Nicolas       	marin@wipelec.fr                        	973
0	Mario FRANZO        	mario.franzo@bifm.fr                    	874
2	Marjorie MASSART    	mmassart@cogetrad.com                   	1040
1	MARNION             	contact@sapmi.fr                        	568
1	MARQUES Antonio     	marques@wipelec.fr                      	973
2	MARTIN Anne Sophie  	anne-sophie.martin@bodycote.com         	267
0	Martine Dubelloy    	Martine.Dubelloy@galvanoplastie.fr      	817
0	Martine MOINEAU     	mmoineau@emka-france.com                	189
0	Martine Prevost     	martine.prevost@alcan.com               	382
2	Maud POUILLOT       	maud.pouillot@dachser.com               	958
0	Maxime DUCOLOMBIER  	ducolombier@hydrola.fr                  	851
0	Maxime PORTE        	mporte@lmc-group.com                    	866
2	MG CHARRIERE        	mgcharriere@tente.fr                    	989
2	MICELI              	lumina.compta@orange.fr                 	246
1	Michaël DRAHMANI    	drahmanim@emile-maurin.fr               	809
4	Michel CHOISNET     	commercial@laser53.com                  	1018
0	Michel GEADA        	michel.geada@gmail.com                  	1115
0	Michel MAGAR        	mmagar@recos.fr                         	857
1	MIRANDA             	domismpa@aol.com                        	1019
0	Mlle PHILIPP Rébecca	rebecca.philipp@ametif.org              	119
4	Mme Hélène PROISY   	helene.proisy@europ-meca.com            	941
0	Mohamed Rami        	Mohamed.Rami@gls-france.com             	1065
0	MONNET Aurélien     	a.monnet@fiminox.fr                     	871
0	MOUNIR              	m.fahmi@sog-larrue.fr                   	947
0	Moustapha CHANCHAM  	m.chancham@connectt.fr                  	1084
0	Mr CREPIN           	bsc.depannages@gmail.com                	1015
0	Mr DEFAIX           	apidefaix@gmail.com                     	506
4	Mr Fiat             	info@tacinas.com                        	916
0	Mr LARRA            	eric.larra@kerbirio.fr                  	986
4	Mr MOHAMMED         	cintryvelines@wanadoo.fr                	920
4	Mr Pascal VIRY      	specialmetal@tacinas.com                	916
1	Muriel BURY         	muriel.bury@thyssen.fr                  	361
0	Mylène              	MyleneGayout@essentra.com               	988
0	Myriam Nouyrit      	info@eurokorten.com                     	1110
0	Nathalie            	n.tapie@vacour-plastique.com            	995
0	Nathalie LEBOUCHER  	nathalie.leboucher@kdi.fr               	1091
1	NEE Christophe      	jeanlouis.nee@wanadoo.fr                	1026
2	NICOLAS             	contact@clal-masx.com                   	575
1	Nicolas BERTHELEMY  	nberthelemy@tente.fr                    	989
0	Nicolas HOMMEL      	amada.pno@amada.fr                      	120
1	Nicolas PIRONNET    	nicolas.pironnet@icmindustrie.com       	1055
0	Nicolas Waldbusser  	cergy@etit.fr                           	840
4	Nicole AU TRUONG    	nautruong@yellozgroup.com               	942
2	NOBILLEA Gaël       	nobilleau@wipelec.fr                    	973
0	NOEL VEDRENNE       	gennevilliers.lapeyre@reseau-dexis.net  	231
2	Noëlle VIROULET     	sipe.argenteuil@wanadoo.fr              	981
1	NOT                 	c.not@protec-industrie.com              	437
0	Obris Boilot        	obris.boilot@gls-france.com             	1065
1	Olivier DUHAMEL     	o.duhamel@titanox.fr                    	356
0	Olivier Frémi       	of@aqi.fr                               	1038
0	Olivier Gauriat     	ogauriat-dx@orange.fr                   	860
1	Olivier LE GUEVEL   	altimaole@free.fr                       	998
0	OLIVIER TURCOTTTI   	olivier.turcotti@ubp.hsbc.fr            	633
1	OLLIVIER JF         	jf.ollivier@protec-decors.com           	437
2	Paola LODES         	plodes@idallpys.fr                      	1045
1	Pascal DUPUIS       	dupuis@fr.vink.com                      	680
1	Pascal LALLIOT      	p.lalliot@rbma.fr                       	268
4	Pascal LAROCHE      	LAROCHE@ETME.COM                        	921
2	PATHIER Valérie     	valerie.pathier@manuloc.fr              	1035
0	PATRICE             	exploitation@mondial-express.fr         	928
1	Patrice GUIR        	guir_patrice@hotmail.com                	977
0	Patrice Rinck       	patrice.rinck@wurth.fr                  	752
4	PATRICIA            	p.orlando@titanox.fr                    	356
2	Patricia FARIA      	patricia.faria@bodycote.com             	267
2	Patricia REMOND     	premond@pinet.eu                        	280
0	Patrick Guerain     	p.guerain@admf.fr                       	811
0	PATRICK LEWIS       	patrick.lewis@wanadoo.fr                	759
0	Patrick SANI        	patrick_sani@hotmail.com                	818
0	Patrick STREBELLE   	p.strebelle@hexaprofils.com             	892
1	PAYAN               	payan@ngkbf.com                         	813
0	Philippe DUBOC      	ph.duboc@hexaprofils.com                	892
0	Philippe OSSANT     	p.ossant@seem-semrac.com                	424
0	Philippe Piganeau   	philippe.piganeau@s-industries.fr       	893
1	Philippe Scherrer   	philippe.scherrer@gantois.com           	207
1	Pierre CARPENTIER   	pierre.carpentier@cgmetaux.com          	484
1	Pierre DEPOURTOUX   	newcp@orange.fr                         	970
4	Pierre DUVAL        	pierre.duval@alcan.com                  	825
4	Pierre Yves LE GOFF 	py.legoff@legeni.fr                     	953
1	Pillet              	commercial@sdpm-electrolyse.fr          	317
2	Pillet              	direction@sdpm-electrolyse.fr           	317
1	PINEL Bruno         	b.pinel@protec-industrie.com            	437
4	PINERO Fernand      	polichrome95@orange.fr                  	865
1	PIOU Dominique      	dominique.piou@dba-meca.com             	1112
2	Pizzinato Catherine 	accueil@sdpm-electrolyse.fr             	317
1	PLANCY J            	plancyj@emile-maurin.fr                 	809
2	POINT               	dessin@entreprisepoint.fr               	839
1	Porcon              	qualite@sdpm-electrolyse.fr             	317
1	Potier              	toleriegenerale@orange.fr               	984
1	POUPEL              	bst.1@wanadoo.fr                        	1063
2	PREPELITA Sinziana  	sprepelita@bossard.com                  	582
2	Priya CHANDRAN      	priya.chandran@mossexpress.fr           	988
1	Puthod              	sav@emgpresses.com                      	901
2	Rachel Philippot    	rachel.philippot@geodis.com             	969
1	Rémy ANQUETIN       	remy.anquetin@bodycote.com              	267
0	Remy Linder         	rlinder@mos.fr                          	964
1	Renaud ADELINE      	r.adeline@titanox.fr                    	356
2	RIBEIROManuela      	ribeiro@wipelec.fr                      	973
1	Richard PETIT       	richard.petit@bodycote.com              	267
2	RIVOIRE             	HYDRO-95@wanadoo.fr                     	1057
0	Robin Bouf          	robin.bouf@dachser.com                  	958
0	Roger EDMOND-SAMUEL 	cergy-pontoise@apave.com                	967
1	Romain MAGNAT       	magnat.romain@gmail.com                 	1070
1	Romain RIBRIOU      	rribriou@salentey.fr                    	310
2	ROUFFART Virginie   	virginie@societe-crea.com               	1072
0	Rungis 1 rue le corb	rungis.commercial@alcan.com             	946
4	Sabine Flon         	sabine.flon@fr.trumpf.com               	755
1	SAILLET             	richard.saillet@galvanoplastie.fr       	817
2	Samantha DE BORTOLI 	contact@dxrealisations.fr               	860
0	Sandra              	sandra.gremmel@groupe-tma.com           	773
0	Sandra HUMBLOT      	sandra.humblot@ca-leasing.fr            	633
2	Sandra RAVIGNE      	sandra.ravigne@aeds-bd.com              	1020
2	Sandrine CANU       	Sandrine.Canu@kdi.fr                    	1091
4	Sandrine GERVAIS    	diap.log@orange.fr                      	880
2	Sandrine JANNEAU    	janneau@ngkbf.com                       	813
4	SANDRINE MALAURIE   	sandrine.malaurie@reseau-prolians.net   	807
2	Sandrine SAYER      	SandrineSayer@essentra.com              	988
2	Sandy PRUNIER       	s.prunier@sodimatel.eu                  	338
1	SARRALIE Bernard    	sarralie@wipelec.fr                     	973
0	Sebastien Ballin    	commerce@civ-services.com               	821
0	Sébastien DROZDOWSKI	sebastien@soclam.com                    	340
1	Sébastien FAYOUX    	sebastien.fayoux@aperam.com             	1027
4	Sébastien SAND      	sand.gsaciers@gmail.com                 	1014
0	Secretariat         	secretariat@polydis.fr                  	1082
2	SEGHIRI Fouzia      	seghiri@wipelec.fr                      	973
2	Séma KARADERE       	sema.karadere@aeds-bd.com               	1020
0	SERV. ADMINISTRATIFS	administratif@laroute.fr                	1085
0	Service commercial  	Info@kipp.fr                            	1089
0	Service expédition  	collecte.fr0095@gls-france.com          	1065
1	SESE                	sese@ngkbf.com                          	813
2	Séverine DOS SANTOS 	s.dos.santos@supratec.fr                	820
2	SHAFFER Frédérique  	frederique.shaffer@klx.com              	856
2	Sinziana PREPELITA  	sprepelita@bossard.com                  	356
0	Snjezana SALOPEK    	snjezana.salopek-partner@arcelormittal.c	291
0	Sofiane Bouziane    	sofiane.bouziane@gls-france.com         	1065
0	SOL FELUY BELGIQUE  	n.teugels@sol.it / l.haberkanp@sol.it   	744
0	Solange             	s.mekious@titanox.fr                    	356
2	SOLVET Malvina      	msolvet@tubexact.com                    	1099
2	Sophie ARCHIMBAUD   	sarchimbaud@cogetrad.com                	1040
2	Sophie PESCHAUX     	fbcg@wanadoo.fr                         	1088
0	Stephan  RIGOLOT    	stephan.rigolot@geodis.com              	574
1	Stéphane            	equilase@equilase.com                   	1047
1	Stéphane MENARD     	stephane.menard@cgmetaux.com            	484
0	Stephane MONNIOT    	polichrome95@orange.fr                  	865
1	Stéphane PELLETANT  	s.pelletant@sapim.fr                    	312
1	Stéphane SAC        	stephane@societe-crea.com               	1072
4	STEPHANIE           	o.barby@sog-larrue.fr                   	947
1	Stéphanie Boiret    	stephanie.boiret@dec-sa.fr              	177
1	Stephen LECHAUX     	contact@ldi-france.fr                   	1064
0	Stieglitz jacques   	logistique@seproja.fr                   	325
0	Sylvain Desbuleux   	desbuleux-s@clal-france.com             	929
2	Sylvie FOUCHER      	sfoucher@kdi.fr                         	218
2	Sylvie FOUCHER      	sylvie.foucher@almet-metal.com          	382
2	Sylvie FOUCHER      	sylvie.foucher@Kloeckner.com            	749
2	Sylvie GODALIER     	Sylvie.GODALIER@cgmetaux.com            	484
0	SYLVIE LEVREUX      	s.levreux@mirabelle-com.fr              	797
0	Sylvie MARTI        	sylvie.marti@arcelormittal.com          	291
0	Sylvie Moreau       	sylvie.moreau@geodis.com                	195
2	Sylvie PEREIRA      	sylvie.pereira@thyssen.fr               	361
2	Sylvie SCHAEFLE     	sylvie.schaefle@tsipfrance.fr           	1071
0	Sylvie TELLIER      	sylvie.tellier@geodis.com               	195
0	TEL SITE INTERNET   	info@mocap-france.com                   	1011
0	Thierry Boulevard   	Thierry.Boulevard@fr.trumpf.com         	755
1	Thierry DAUDIN      	thierry.daudin@cqft.fr                  	170
0	THIERRY GAUTRON     	tgautron@amada.fr                       	120
1	Thierry LE MARCHAND 	tlemarhand@vsmimpavide.fr               	972
0	Thierry Neslin      	thierry.neslin@sapelem.fr               	966
0	Thomas Drevon       	t.drevon@radialex.fr                    	101
1	THOMAS LAMBRECHT    	compiegne44@michaud-chailly.fr          	895
0	Thomas Montfiquet   	montfiquet@solidcam.fr                  	1108
4	TITE JACQUES        	TITE JACQUES                            	278
1	Tony REDDICK        	Tony.Reddick@klx.com                    	1050
1	TOURENNE            	ordo@ressorts-ari.com                   	1024
2	Uta CHAVELET        	uta.chavelet@mecachimique.com           	639
0	Valerie             	vdevisscher@emka-france.com             	189
0	Valerie Atouba      	valerie.atouba@EULERHERMES.com          	993
0	Valérie DEVOITINNE  	v.devoitinne@sapim.fr                   	312
1	VANDEVOORDE Patrick 	p.vandevoorde@protec-industrie.com      	437
4	VERONIQUE           	affretement@mondial-express.fr          	928
0	Véronique FOUCHET   	vfouchet@kdi.fr                         	285
4	Victor DUCHAUDE     	vduchaude@dexis.eu                      	231
0	Vincent Chardon     	v.chardon@radan-cfao.fr                 	295
4	Vincent GABRIELLI   	arqua.services@orange.fr                	954
0	Vincent Maquelle    	commercial@rm-palettes.fr               	885
1	Vincent PHILIAS     	vphilias@salentey.fr                    	310
1	Vincent VASSELET    	vvasselet@prolians.eu                   	912
0	Virginie POINTEL    	virginie.pointel@almet-metal.com        	382
2	Viviane BARALDI     	vivianebaraldi@icmindustrie.com         	1055
2	WAESSA Sandrine     	sandrine.waessa@romus.fr                	1107
1	William BILLON      	william.billon@couleurs-systemes.net    	959
2	Yamina LAPEYRE      	y.lapeyre@lrb-roulier.fr                	774
1	Yanessee TALEB      	y.taleb@sog-larrue.fr                   	947
1	Yannick OLIGO       	oligo.yannick@gmail.com                 	414
2	Yesim SUREN-FONDIN  	suren-fondin@ngkbf.com                  	813
1	Yves GRUAIS         	bretagneemaillage@wanadou.fr            	997
